{"cameraMode":{"drawMode":0,"name":"Shaded","section":"Shading Mode"},"sceneLighting":true,"audioPlay":false,"sceneViewState":{"showFog":true,"showMaterialUpdate":false,"showSkybox":true,"showFlares":true,"showImageEffects":true,"showParticleSystems":true},"in2DMode":false,"pivot":{"x":-3.133725166320801,"y":-6.170266151428223,"z":5.891026496887207},"rotation":{"x":0.2736864686012268,"y":0.7245007753372192,"z":-0.4155973494052887,"w":0.4770805835723877},"size":119.16221618652344,"orthographic":false}