{"cameraMode":{"drawMode":0,"name":"Shaded","section":"Shading Mode"},"sceneLighting":true,"audioPlay":false,"sceneViewState":{"showFog":true,"showMaterialUpdate":false,"showSkybox":true,"showFlares":true,"showImageEffects":true,"showParticleSystems":true},"in2DMode":false,"pivot":{"x":-7.019350051879883,"y":-27.19335174560547,"z":-26.28878402709961},"rotation":{"x":-0.011709053069353104,"y":0.8758759498596191,"z":-0.4820394217967987,"w":-0.021268630400300027},"size":74.46502685546875,"orthographic":false}