{"cameraMode":{"drawMode":0,"name":"Shaded","section":"Shading Mode"},"sceneLighting":true,"audioPlay":false,"sceneViewState":{"showFog":true,"showMaterialUpdate":false,"showSkybox":true,"showFlares":true,"showImageEffects":true,"showParticleSystems":true},"in2DMode":false,"pivot":{"x":66.24826049804688,"y":-49.76304244995117,"z":-78.29962158203125},"rotation":{"x":-0.028276296332478524,"y":-0.9033855199813843,"z":0.423768013715744,"w":-0.06028060242533684},"size":138.38528442382813,"orthographic":false}